timestamp,temperature,sp_cond,ph,battery,predicted_chlorophyll,actual_chlorophyll,alarm,inference_ms,db_write_ms,cpu_percent,ram_mb
2026-10-11T18:34:25Z,19.68,65.0,7.61,13.32,0.401,4.9,False,9.55,2.89,18.0,6790.1
2026-10-11T18:49:25Z,19.68,65.09,7.67,13.32,0.747,5.83,False,0.95,0.23,0.2,6774.2
2026-10-11T19:04:25Z,19.68,65.09,7.72,13.33,0.78,4.57,False,2.16,0.42,0.5,6758.5
2026-10-11T19:19:25Z,19.67,65.12,7.74,13.32,0.718,6.2,False,1.55,0.41,0.9,6741.7
2026-10-11T19:34:25Z,19.71,65.19,7.71,13.37,0.723,7.05,False,0.95,0.23,1.6,6733.1
2026-10-11T19:49:25Z,19.77,65.25,7.7,13.45,0.633,5.68,False,0.9,0.23,0.9,6727.2
2026-10-11T20:04:25Z,19.8,65.36,7.69,13.41,0.542,6.18,False,1.23,0.23,0.1,6722.5
2026-10-11T20:19:25Z,19.72,65.37,7.69,13.49,0.615,3.75,False,1.58,0.48,0.5,6720.8
2026-10-11T20:34:25Z,19.66,65.49,7.67,13.54,0.69,21.97,False,1.51,0.4,0.0,6718.1
2026-10-11T20:49:25Z,19.66,65.77,7.66,13.29,0.661,10.45,False,1.52,0.41,0.1,6715.4
2026-10-11T21:04:25Z,19.64,65.88,7.66,13.21,0.716,8.72,False,1.5,10.27,2.4,6714.1
2026-10-11T21:19:25Z,19.62,65.95,7.64,13.15,0.766,13.39,False,1.55,6.64,0.5,6713.5
2026-10-11T21:34:25Z,19.6,65.79,7.62,13.12,0.672,8.82,False,1.52,8.04,0.2,6713.2
2026-10-11T21:49:25Z,19.53,65.91,7.6,13.09,0.737,7.18,False,1.5,5.98,0.2,6712.4
2026-10-11T22:04:25Z,19.49,65.94,7.58,13.07,0.65,6.41,False,2.29,5.96,0.4,6712.2
2026-10-11T22:19:25Z,19.46,65.71,7.56,13.06,0.696,9.03,False,1.5,11.49,2.1,6713.2
2026-10-11T22:34:25Z,19.44,65.53,7.52,13.05,0.636,8.95,False,1.39,6.44,0.4,6712.9
2026-10-11T22:49:25Z,19.41,65.62,7.51,13.12,0.551,8.02,False,1.31,7.83,0.1,6713.1
2026-10-11T23:04:25Z,19.4,65.58,7.48,13.01,0.474,9.2,False,1.3,8.56,0.2,6712.9
2026-10-11T23:19:25Z,19.4,65.4,7.49,13.05,0.478,15.29,False,1.32,8.81,0.2,6712.9
2026-10-11T23:34:25Z,19.39,65.49,7.46,13.01,0.424,7.99,False,1.3,7.92,0.4,6712.9
2026-10-11T23:49:25Z,19.38,65.63,7.44,13.0,0.359,8.79,False,1.32,8.34,0.2,6712.3
2026-10-12T00:04:25Z,19.38,65.59,7.46,12.99,0.439,9.78,False,1.33,5.52,0.1,6712.3
2026-10-12T00:19:25Z,19.36,65.56,7.45,12.98,0.51,7.54,False,1.32,8.23,0.4,6711.8
2026-10-12T00:34:25Z,19.35,65.59,7.44,12.98,0.421,7.5,False,1.32,6.53,0.1,6711.8
2026-10-12T00:49:25Z,19.32,65.7,7.42,12.98,0.347,10.79,False,1.33,8.25,0.2,6711.8
2026-10-12T01:04:25Z,19.3,66.04,7.4,12.96,0.283,5.33,False,1.34,7.77,0.1,6711.5
2026-10-12T01:19:25Z,19.28,66.24,7.39,12.96,0.221,5.8,False,1.39,5.62,0.2,6711.7
2026-10-12T01:34:25Z,19.27,66.02,7.37,12.96,0.139,10.13,False,1.33,6.25,0.4,6712.0
2026-10-12T01:49:25Z,19.26,66.31,7.37,12.94,0.134,6.51,False,1.33,6.67,0.1,6711.9
2026-10-12T02:04:25Z,19.24,66.36,7.36,12.94,0.084,19.11,False,2.1,5.73,0.4,6713.6
2026-10-12T02:19:25Z,19.25,66.3,7.37,12.92,0.137,10.78,False,1.3,8.2,0.6,6713.4
2026-10-12T02:34:25Z,19.23,66.23,7.36,12.92,0.084,6.03,False,1.29,8.34,0.1,6712.9
2026-10-12T02:49:25Z,19.22,66.23,7.35,12.92,0.0,13.02,False,1.32,10.97,0.1,6712.9
2026-10-12T03:04:25Z,19.18,65.77,7.31,12.91,0.0,6.52,False,1.3,5.27,0.2,6712.8
2026-10-12T03:19:25Z,19.17,65.6,7.3,12.91,0.0,6.14,False,1.31,7.29,0.2,6712.6
2026-10-12T03:34:25Z,19.15,65.09,7.26,12.95,0.0,15.7,False,1.32,5.24,0.2,6712.5
2026-10-12T03:49:25Z,19.13,65.13,7.27,12.9,0.0,9.18,False,1.32,5.58,0.4,6712.7
2026-10-12T04:04:25Z,19.12,65.01,7.27,12.88,0.0,7.36,False,1.39,9.14,0.2,6712.7
2026-10-12T04:19:25Z,19.13,65.02,7.26,12.89,0.0,7.12,False,1.39,8.45,0.4,6712.2
2026-10-12T04:34:25Z,19.12,64.86,7.24,12.89,0.0,5.21,False,0.83,8.6,2.2,6712.2
2026-10-12T04:49:25Z,19.12,64.74,7.25,12.89,0.0,10.04,False,0.83,7.3,0.1,6712.2
2026-10-12T05:04:25Z,19.12,64.67,7.24,12.88,0.0,14.83,False,1.35,6.96,0.2,6711.9
2026-10-12T05:19:25Z,19.11,64.67,7.24,12.89,0.0,11.24,False,1.37,8.37,0.0,6711.7
2026-10-12T05:34:25Z,19.1,64.87,7.25,12.88,0.0,4.56,False,1.55,8.89,0.4,6711.7
2026-10-12T05:49:25Z,19.1,64.9,7.24,12.87,0.0,7.11,False,1.4,5.27,0.2,6711.9
2026-10-12T06:04:25Z,19.09,64.83,7.23,12.85,0.0,2.66,False,1.45,5.85,0.4,6712.1
2026-10-12T06:19:25Z,19.08,64.82,7.22,12.85,0.0,3.86,False,1.46,10.81,0.5,6711.8
2026-10-12T06:34:25Z,19.06,64.98,7.22,12.85,0.0,11.47,False,1.47,4.97,0.2,6711.8
2026-10-12T06:49:25Z,19.05,64.86,7.21,12.88,0.0,7.45,False,1.45,5.33,0.5,6711.8
2026-10-12T07:04:25Z,19.05,64.69,7.2,12.85,0.0,9.07,False,1.39,8.07,0.1,6711.3
2026-10-12T07:19:25Z,19.05,64.68,7.19,12.87,0.0,5.19,False,1.39,5.36,0.5,6711.7
2026-10-12T07:34:25Z,19.04,64.53,7.18,12.85,0.0,15.21,False,1.48,4.74,0.1,6711.7
2026-10-12T07:49:25Z,19.04,64.48,7.18,12.92,0.0,6.63,False,1.47,7.49,0.4,6711.7
2026-10-12T08:04:25Z,19.02,64.65,7.19,12.82,0.0,9.43,False,1.52,5.98,0.5,6711.9
2026-10-12T08:19:25Z,19.02,64.93,7.19,12.83,0.0,7.51,False,1.48,4.99,0.2,6711.9
2026-10-12T08:34:25Z,19.02,64.68,7.16,12.83,0.0,8.0,False,1.38,9.12,0.4,6711.4
2026-10-12T08:49:25Z,19.01,64.84,7.18,12.83,0.0,7.55,False,1.48,9.0,0.2,6711.3
2026-10-12T09:04:25Z,19.0,65.12,7.19,12.83,0.0,7.67,False,1.39,5.33,0.0,6711.0
2026-10-12T09:19:25Z,18.98,66.08,7.19,12.87,0.0,7.13,False,1.38,11.48,0.2,6711.5
2026-10-12T09:34:25Z,18.98,65.82,7.21,12.95,0.0,12.62,False,1.4,6.66,0.2,6713.0
2026-10-12T09:49:25Z,18.98,66.0,7.2,13.31,0.0,7.48,False,1.4,21.8,0.2,6712.9
2026-10-12T10:04:25Z,18.99,65.92,7.2,14.38,0.0,6.35,False,2.19,6.81,0.7,6711.1
2026-10-12T10:19:25Z,18.97,65.9,7.21,14.33,0.0,5.11,False,1.39,5.41,0.7,6711.2
2026-10-12T10:34:25Z,18.98,65.87,7.2,14.39,0.0,7.08,False,1.4,5.17,0.1,6711.0
2026-10-12T10:49:25Z,18.97,65.83,7.21,14.31,0.0,4.21,False,1.39,7.77,0.2,6710.8
2026-10-12T11:04:25Z,18.98,65.78,7.21,14.33,0.0,4.18,False,1.48,10.68,0.5,6710.8
2026-10-12T11:19:25Z,18.98,65.88,7.21,13.87,0.0,13.31,False,1.46,5.37,0.5,6710.5
2026-10-12T11:34:25Z,18.98,65.76,7.22,13.84,0.0,10.07,False,1.45,10.86,0.5,6710.5
2026-10-12T11:49:25Z,19.0,65.82,7.24,13.79,0.0,4.57,False,1.45,5.78,0.4,6710.3
2026-10-12T12:04:25Z,19.01,65.86,7.25,13.77,0.0,6.49,False,1.38,8.47,0.1,6710.1
2026-10-12T12:19:25Z,19.02,65.89,7.26,13.74,0.0,9.55,False,1.39,7.18,0.2,6710.2
2026-10-12T12:34:25Z,19.04,65.94,7.28,13.68,0.0,5.4,False,0.83,5.31,1.5,6710.4
2026-10-12T12:49:25Z,19.06,65.89,7.31,13.67,0.0,7.0,False,0.83,6.52,0.0,6710.3
2026-10-12T13:04:25Z,19.07,65.88,7.32,13.6,0.0,4.19,False,1.35,10.5,0.1,6709.8
2026-10-12T13:19:25Z,19.08,65.92,7.35,13.6,0.276,6.09,False,1.34,6.47,0.2,6710.7
2026-10-12T13:34:25Z,19.11,65.98,7.39,13.53,0.39,6.21,False,1.34,8.51,0.0,6710.7
2026-10-12T13:49:25Z,19.12,65.89,7.41,13.5,0.534,18.38,False,1.35,8.88,0.4,6710.5
2026-10-12T14:04:25Z,19.21,66.01,7.42,13.53,0.441,4.93,False,1.32,8.63,0.1,6710.4
2026-10-12T14:19:25Z,19.18,66.2,7.52,13.51,0.831,4.24,False,1.5,6.38,0.5,6710.6
2026-10-17T09:34:25Z,17.56,64.68,7.34,14.21,0.313,5.15,False,1.42,0.46,0.2,6718.0
2026-10-17T09:49:25Z,17.58,64.5,7.33,14.21,0.0,9.05,False,1.4,0.45,0.9,6718.0
2026-10-17T10:04:25Z,17.59,65.17,7.34,14.17,0.225,7.26,False,1.38,0.49,0.6,6719.0
2026-10-17T10:19:25Z,17.57,65.27,7.33,14.14,0.0,12.07,False,1.44,0.39,0.2,6719.2
2026-10-17T10:34:25Z,17.54,64.79,7.33,14.13,0.352,5.59,False,1.48,0.4,0.5,6718.7
2026-10-17T10:49:25Z,17.55,65.34,7.33,13.83,0.0,7.28,False,1.37,0.56,0.1,6718.4
2026-10-17T11:04:25Z,17.54,65.17,7.34,13.79,0.207,9.65,False,1.39,0.4,0.4,6718.2
2026-10-17T11:19:25Z,17.54,64.14,7.31,13.79,0.0,8.98,False,1.37,0.39,0.1,6718.0
2026-10-17T11:34:25Z,17.52,64.08,7.33,13.9,0.0,4.23,False,1.38,0.39,0.2,6717.7
2026-10-17T11:49:25Z,17.53,64.57,7.33,13.83,0.052,7.28,False,1.46,0.4,0.4,6717.7
2026-10-17T12:04:25Z,17.52,65.07,7.33,13.83,0.172,8.66,False,1.47,0.39,0.2,6717.6
2026-10-17T12:19:25Z,17.5,64.7,7.33,13.83,0.216,7.8,False,1.52,0.4,0.4,6717.6
2026-10-17T12:34:25Z,17.49,64.35,7.29,13.84,0.021,6.32,False,1.56,0.4,0.4,6719.0
2026-10-17T12:49:25Z,17.5,64.88,7.32,13.82,0.163,9.43,False,1.41,0.48,0.2,6719.0
2026-10-17T13:04:25Z,17.49,65.05,7.34,13.83,0.142,11.57,False,1.48,0.39,0.2,6718.4
2026-10-17T13:19:25Z,17.48,64.65,7.35,13.83,0.408,5.74,False,1.5,0.39,0.2,6719.7
2026-10-17T13:34:25Z,17.5,65.45,7.36,13.83,0.0,5.73,False,1.34,0.53,0.2,6719.5
2026-10-17T13:49:25Z,17.48,65.29,7.35,13.82,0.026,11.97,False,1.4,0.47,0.1,6719.3
2026-10-17T14:04:25Z,17.48,65.0,7.37,13.83,0.347,6.4,False,1.41,0.39,0.4,6719.5
2026-10-17T14:19:25Z,17.47,64.16,7.37,13.83,0.0,6.45,False,1.46,0.39,0.1,6719.4
2026-10-17T14:34:25Z,17.47,65.42,7.36,13.83,0.0,7.76,False,1.45,0.39,0.6,6719.2
2026-10-17T14:49:25Z,17.46,64.69,7.37,13.82,0.248,12.03,False,1.43,0.39,0.2,6718.9
2026-10-17T15:04:25Z,17.46,64.75,7.37,13.89,0.312,5.05,False,1.43,0.39,0.4,6718.4
2026-10-17T15:19:25Z,17.44,65.31,7.37,13.82,0.026,13.6,False,1.4,0.4,0.1,6718.2
2026-10-17T15:34:25Z,17.45,65.39,7.36,13.79,0.0,11.32,False,1.39,0.46,0.2,6718.5
2026-10-17T15:49:25Z,17.44,64.63,7.35,13.83,0.378,4.35,False,1.49,0.39,0.2,6718.5
2026-10-17T16:04:25Z,17.44,64.45,7.37,13.83,0.072,7.68,False,1.48,0.39,0.2,6718.0
2026-10-17T16:19:25Z,17.44,65.06,7.37,13.7,0.211,5.96,False,1.41,0.4,0.4,6719.2
2026-10-17T16:34:25Z,17.42,64.8,7.38,13.74,0.375,8.67,False,1.41,0.4,0.2,6718.8
2026-10-17T16:49:25Z,17.43,65.19,7.37,13.82,0.221,7.08,False,1.39,0.4,0.4,6718.7
2026-10-17T17:04:25Z,17.4,65.36,7.38,13.51,0.252,7.61,False,1.38,0.4,0.1,6718.7
2026-10-17T17:19:25Z,17.4,65.18,7.38,13.36,0.386,9.45,False,1.47,0.4,0.4,6718.5
2026-10-17T17:34:25Z,17.4,65.16,7.37,13.31,0.245,7.45,False,1.47,0.4,0.5,6718.0
2026-10-17T17:49:25Z,17.38,64.99,7.37,13.23,0.357,10.95,False,1.38,0.47,0.2,6718.6
2026-10-17T18:04:25Z,17.38,64.7,7.37,13.17,0.285,7.22,False,1.41,0.4,0.2,6718.1
2026-10-17T18:19:25Z,17.37,64.63,7.37,13.14,0.343,9.19,False,1.48,0.4,0.1,6718.3
2026-10-17T18:34:25Z,17.37,64.32,7.37,13.12,0.098,37.68,False,1.37,0.51,0.4,6718.9
2026-10-17T18:49:25Z,17.37,65.13,7.37,13.09,0.286,7.86,False,1.38,0.51,0.1,6718.9
2026-10-17T19:04:25Z,17.36,65.42,7.37,13.09,0.197,8.9,False,1.45,0.4,0.2,6718.4
2026-10-17T19:19:25Z,17.36,65.33,7.37,13.06,0.182,13.72,False,1.51,0.4,0.2,6718.8
2026-10-17T19:34:25Z,17.36,65.55,7.36,13.07,0.126,10.19,False,1.39,0.4,0.2,6718.3
2026-10-17T19:49:25Z,17.36,65.07,7.36,13.06,0.302,13.29,False,1.4,0.4,0.4,6717.8
2026-10-17T20:04:25Z,17.35,65.07,7.35,13.05,0.303,6.92,False,1.35,0.4,0.4,6720.0
2026-10-17T20:19:25Z,17.34,65.17,7.35,13.01,0.283,10.63,False,1.41,0.4,0.2,6719.5
2026-10-17T20:34:25Z,17.33,64.76,7.34,13.01,0.284,7.64,False,1.34,0.47,0.2,6719.2
2026-10-17T20:49:25Z,17.33,65.57,7.35,13.01,0.177,7.93,False,1.31,0.4,0.2,6719.7
2026-10-17T21:04:25Z,17.33,65.2,7.34,13.01,0.169,6.39,False,1.42,0.39,0.1,6719.4
2026-10-17T21:19:25Z,17.32,65.27,7.34,12.99,0.057,8.85,False,1.49,0.39,0.4,6719.2
2026-10-17T21:34:25Z,17.32,65.2,7.34,13.05,0.177,10.27,False,1.38,0.4,0.2,6719.1
2026-10-17T21:49:25Z,17.3,65.04,7.33,12.99,0.171,8.7,False,1.38,0.4,0.2,6718.6
2026-10-17T22:04:25Z,17.28,64.97,7.32,12.98,0.195,10.44,False,1.4,0.4,0.2,6718.5
2026-10-17T22:19:25Z,17.29,64.96,7.32,12.96,0.186,9.02,False,1.41,0.47,0.6,6718.8
2026-10-17T22:34:25Z,17.29,65.33,7.33,12.98,0.021,12.93,False,1.44,0.39,0.2,6718.3
2026-10-17T22:49:25Z,17.29,64.71,7.33,12.98,0.203,10.6,False,1.38,0.39,0.2,6718.1
2026-10-17T23:04:25Z,17.28,64.86,7.33,12.95,0.236,8.8,False,1.37,0.4,0.4,6717.6
2026-10-17T23:19:25Z,17.28,65.38,7.33,12.96,0.096,9.19,False,1.34,0.4,0.2,6717.5
2026-10-17T23:34:25Z,17.27,65.1,7.33,12.94,0.236,7.97,False,1.34,0.39,0.1,6717.8
2026-10-17T23:49:25Z,17.26,65.49,7.33,12.94,0.155,6.33,False,1.29,0.4,0.5,6717.4
2026-10-18T00:04:25Z,17.26,65.29,7.32,12.94,0.149,7.3,False,1.52,0.41,0.5,6717.4
2026-10-18T00:19:25Z,17.28,65.81,7.32,12.94,0.0,10.11,False,1.33,0.4,0.1,6717.2
